FILE,MAX_ARCHIVE,IDEAL_TIME,IDEAL_PROFIT,NADIR_TIME,NADIR_PROFIT,IDEAL_PROFIT_GRAPH
a280-n279.txt,100,2613.0,-42036.0,5444.0,0.0,42036.0
a280-n1395.txt,100,2613.0,-489194.0,6573.0,0.0,489194.0
a280-n2790.txt,100,2613.0,-1375443.0,6646.0,0.0,1375443.0
fnl4461-n4460.txt,50,185359.0,-645150.0,442464.0,0.0,645150.0
fnl4461-n22300.txt,50,185359.0,-7827881.0,452454.0,0.0,7827881.0
fnl4461-n44600.txt,50,185359.0,-22136989.0,459901.0,0.0,22136989.0
pla33810-n33809.txt,20,66048945.0,-4860715.0,168432301.0,0.0,4860715.0
pla33810-n169045.txt,20,66048945.0,-59472432.0,169415148.0,0.0,59472432.0
pla33810-n338090.txt,20,66048945.0,-168033267.0,168699977.0,0.0,168033267.0
